{
  "best_model": "LogisticRegression",
  "trained_at": "2026-07-03T07:35:57.325839+00:00",
  "dataset_rows": 12120,
  "test_metrics": {
    "accuracy": 0.8308,
    "precision": 0.836,
    "recall": 0.8426,
    "f1_score": 0.8393,
    "roc_auc": 0.9251,
    "confusion_matrix": [
      [
        934,
        208
      ],
      [
        198,
        1060
      ]
    ],
    "roc_curve": {
      "fpr": [
        0.0,
        0.0035026269702276708,
        0.0070052539404553416,
        0.01138353765323993,
        0.016637478108581436,
        0.021015761821366025,
        0.025394045534150613,
        0.03152364273204904,
        0.03677758318739054,
        0.04203152364273205,
        0.046409807355516634,
        0.05166374781085814,
        0.05516637478108581,
        0.06129597197898424,
        0.06742556917688267,
        0.07267950963222417,
        0.07705779334500876,
        0.08318739054290718,
        0.09019264448336252,
        0.09719789842381786,
        0.10332749562171628,
        0.10945709281961472,
        0.11558669001751314,
        0.1243432574430823,
        0.1287215411558669,
        0.13922942206654992,
        0.14623467600700527,
        0.15586690017513136,
        0.16112084063047286,
        0.1672504378283713,
        0.1733800350262697,
        0.1786339754816112,
        0.18563922942206654,
        0.19176882661996497,
        0.202276707530648,
        0.21103327495621715,
        0.2180385288966725,
        0.22591943957968477,
        0.23204903677758318,
        0.2381786339754816,
        0.24605954465849386,
        0.2530647985989492,
        0.2600700525394046,
        0.26882661996497376,
        0.276707530647986,
        0.28984238178633975,
        0.29859894921190894,
        0.3126094570928196,
        0.3169877408056042,
        0.329246935201401,
        0.3415061295971979,
        0.36252189141856395,
        0.38178633975481613,
        0.38791593695271454,
        0.3975481611208406,
        0.4133099824868651,
        0.43695271453590195,
        0.45446584938704027,
        0.4658493870402802,
        0.5052539404553416,
        0.531523642732049,
        0.7031523642732049
      ],
      "tpr": [
        0.0,
        0.39825119236883944,
        0.4984101748807631,
        0.5190779014308426,
        0.5365659777424483,
        0.5476947535771065,
        0.5763116057233705,
        0.5866454689984102,
        0.6089030206677265,
        0.6144674085850557,
        0.6327503974562798,
        0.6414944356120826,
        0.6748807631160573,
        0.6875993640699523,
        0.6947535771065183,
        0.7042925278219396,
        0.7114467408585056,
        0.71939586645469,
        0.733704292527822,
        0.7440381558028617,
        0.7527821939586645,
        0.7639109697933227,
        0.7718600953895072,
        0.7790143084260731,
        0.7933227344992051,
        0.8020667726550079,
        0.809220985691574,
        0.8155802861685215,
        0.8203497615262321,
        0.8275039745627981,
        0.834658187599364,
        0.8386327503974563,
        0.8449920508744038,
        0.8529411764705882,
        0.8600953895071543,
        0.8640699523052464,
        0.8688394276629571,
        0.8744038155802861,
        0.8815580286168522,
        0.884737678855326,
        0.8918918918918919,
        0.8974562798092209,
        0.9085850556438791,
        0.9125596184419714,
        0.9173290937996821,
        0.9213036565977742,
        0.9284578696343402,
        0.931637519872814,
        0.9364069952305246,
        0.9419713831478538,
        0.9483306836248012,
        0.9531001589825119,
        0.9578696343402225,
        0.9626391096979332,
        0.9682034976152624,
        0.972972972972973,
        0.9785373608903021,
        0.9817170111287759,
        0.9864864864864865,
        0.9896661367249603,
        0.994435612082671,
        0.9976152623211447
      ]
    },
    "pr_curve": {
      "precision": [
        0.5241666666666667,
        0.5326271186440678,
        0.5418103448275862,
        0.5513157894736842,
        0.5611607142857142,
        0.5713636363636364,
        0.5814814814814815,
        0.5924528301886792,
        0.6038461538461538,
        0.6151960784313726,
        0.6275,
        0.6403061224489796,
        0.6520833333333333,
        0.6659574468085107,
        0.6793478260869565,
        0.69,
        0.7022727272727273,
        0.713953488372093,
        0.7261904761904762,
        0.7341463414634146,
        0.7475,
        0.7596153846153846,
        0.7697368421052632,
        0.7824324324324324,
        0.79375,
        0.8,
        0.8102941176470588,
        0.8212121212121212,
        0.8328125,
        0.8419354838709677,
        0.8533333333333334,
        0.8663793103448276,
        0.875,
        0.8870370370370371,
        0.8961538461538462,
        0.905,
        0.9166666666666666,
        0.9271739130434783,
        0.9318181818181818,
        0.9392857142857143,
        0.95,
        0.9578947368421052,
        0.9666666666666667,
        0.9779411764705882,
        0.9859375,
        0.99,
        0.9928571428571429,
        0.9923076923076923,
        0.99375,
        0.9954545454545455,
        0.995,
        1.0,
        1.0,
        1.0,
        1.0,
        1.0,
        1.0,
        1.0,
        1.0,
        1.0,
        1.0
      ],
      "recall": [
        1.0,
        0.9992050874403816,
        0.9992050874403816,
        0.9992050874403816,
        0.9992050874403816,
        0.9992050874403816,
        0.9984101748807631,
        0.9984101748807631,
        0.9984101748807631,
        0.9976152623211447,
        0.9976152623211447,
        0.9976152623211447,
        0.9952305246422893,
        0.9952305246422893,
        0.9936406995230525,
        0.9872813990461049,
        0.9825119236883942,
        0.9761526232114467,
        0.9697933227344993,
        0.9570747217806042,
        0.9507154213036566,
        0.9419713831478538,
        0.9300476947535771,
        0.9205087440381559,
        0.9085850556438791,
        0.890302066772655,
        0.875993640699523,
        0.8616852146263911,
        0.8473767885532592,
        0.8298887122416534,
        0.8139904610492846,
        0.7988871224165341,
        0.7790143084260731,
        0.7615262321144675,
        0.7408585055643879,
        0.71939586645469,
        0.699523052464229,
        0.678060413354531,
        0.6518282988871225,
        0.6271860095389508,
        0.604133545310016,
        0.5786963434022258,
        0.5532591414944356,
        0.5286168521462639,
        0.5015898251192369,
        0.47217806041335453,
        0.4419713831478537,
        0.41017488076311603,
        0.37917329093799684,
        0.3481717011128776,
        0.3163751987281399,
        0.2861685214626391,
        0.2543720190779014,
        0.22257551669316375,
        0.1907790143084261,
        0.1589825119236884,
        0.1271860095389507,
        0.09538950715421304,
        0.06359300476947535,
        0.03179650238473768,
        0.0
      ]
    }
  },
  "leaderboard": [
    {
      "model": "LogisticRegression",
      "cv_roc_auc_mean": 0.9209,
      "cv_roc_auc_std": 0.0036,
      "train_time_sec": 14.31,
      "accuracy": 0.8308,
      "precision": 0.836,
      "recall": 0.8426,
      "f1_score": 0.8393,
      "roc_auc": 0.9251,
      "confusion_matrix": [
        [
          934,
          208
        ],
        [
          198,
          1060
        ]
      ]
    },
    {
      "model": "GradientBoosting",
      "cv_roc_auc_mean": 0.9189,
      "cv_roc_auc_std": 0.0034,
      "train_time_sec": 18.16,
      "accuracy": 0.8304,
      "precision": 0.8457,
      "recall": 0.8275,
      "f1_score": 0.8365,
      "roc_auc": 0.9229,
      "confusion_matrix": [
        [
          952,
          190
        ],
        [
          217,
          1041
        ]
      ]
    },
    {
      "model": "ExtraTrees",
      "cv_roc_auc_mean": 0.9205,